﻿pos_x,pos_y,rotation,side,designator,mpn,pack,value,mount_type,place
119.38,-53.34,0.0,top,D1,,D_DO-41_SOD81_P10.16mm_Horizontal,1N4007,tht,True
134.62,-73.66,0.0,top,D10,,D_DO-41_SOD81_P10.16mm_Horizontal,1N4007,tht,True
119.38,-78.74,0.0,top,D11,,D_DO-41_SOD81_P10.16mm_Horizontal,1N4007,tht,True
134.62,-78.74,0.0,top,D12,,D_DO-41_SOD81_P10.16mm_Horizontal,1N4007,tht,True
119.38,-86.36,0.0,top,D13,,D_DO-41_SOD81_P10.16mm_Horizontal,1N4007,tht,True
134.62,-86.36,0.0,top,D14,,D_DO-41_SOD81_P10.16mm_Horizontal,1N4007,tht,True
119.38,-91.44,0.0,top,D15,,D_DO-41_SOD81_P10.16mm_Horizontal,1N4007,tht,True
134.62,-91.44,0.0,top,D16,,D_DO-41_SOD81_P10.16mm_Horizontal,1N4007,tht,True
119.38,-96.52,0.0,top,D17,,D_DO-41_SOD81_P10.16mm_Horizontal,1N4007,tht,True
134.62,-96.52,0.0,top,D18,,D_DO-41_SOD81_P10.16mm_Horizontal,1N4007,tht,True
119.38,-101.6,0.0,top,D19,,D_DO-41_SOD81_P10.16mm_Horizontal,1N4007,tht,True
134.62,-53.34,0.0,top,D2,,D_DO-41_SOD81_P10.16mm_Horizontal,1N4007,tht,True
134.62,-101.6,0.0,top,D20,,D_DO-41_SOD81_P10.16mm_Horizontal,1N4007,tht,True
119.38,-106.68,0.0,top,D21,,D_DO-41_SOD81_P10.16mm_Horizontal,1N4007,tht,True
134.62,-106.68,0.0,top,D22,,D_DO-41_SOD81_P10.16mm_Horizontal,1N4007,tht,True
119.38,-111.76,0.0,top,D23,,D_DO-41_SOD81_P10.16mm_Horizontal,1N4007,tht,True
134.62,-111.76,0.0,top,D24,,D_DO-41_SOD81_P10.16mm_Horizontal,1N4007,tht,True
119.38,-119.38,0.0,top,D25,,D_DO-41_SOD81_P10.16mm_Horizontal,1N4007,tht,True
134.62,-119.38,0.0,top,D26,,D_DO-41_SOD81_P10.16mm_Horizontal,1N4007,tht,True
119.38,-124.46,0.0,top,D27,,D_DO-41_SOD81_P10.16mm_Horizontal,1N4007,tht,True
134.62,-124.46,0.0,top,D28,,D_DO-41_SOD81_P10.16mm_Horizontal,1N4007,tht,True
119.38,-58.42,0.0,top,D3,,D_DO-41_SOD81_P10.16mm_Horizontal,1N4007,tht,True
134.62,-58.42,0.0,top,D4,,D_DO-41_SOD81_P10.16mm_Horizontal,1N4007,tht,True
119.38,-63.5,0.0,top,D5,,D_DO-41_SOD81_P10.16mm_Horizontal,1N4007,tht,True
134.62,-63.5,0.0,top,D6,,D_DO-41_SOD81_P10.16mm_Horizontal,1N4007,tht,True
119.38,-68.58,0.0,top,D7,,D_DO-41_SOD81_P10.16mm_Horizontal,1N4007,tht,True
134.62,-68.58,0.0,top,D8,,D_DO-41_SOD81_P10.16mm_Horizontal,1N4007,tht,True
119.38,-73.66,0.0,top,D9,,D_DO-41_SOD81_P10.16mm_Horizontal,1N4007,tht,True
109.22,-43.18,0.0,top,H1,,MountingHole_3.2mm_M3_ISO7380,MountingHole,tht,True
152.4,-43.18,0.0,top,H2,,MountingHole_3.2mm_M3_ISO14580,MountingHole,tht,True
109.22,-137.16,0.0,top,H3,,MountingHole_3.2mm_M3_ISO14580,MountingHole,tht,True
152.4,-137.16,0.0,top,H4,,MountingHole_3.2mm_M3_ISO14580,MountingHole,tht,True
109.22,-50.8,-90.0,top,J1,,"PhoenixContact_MCV_1,5_6-G-5.08_1x06_P5.08mm_Vertical",Screw_Terminal_01x06,tht,True
109.22,-83.82,-90.0,top,J2,,"PhoenixContact_MCV_1,5_6-G-5.08_1x06_P5.08mm_Vertical",Screw_Terminal_01x06,tht,True
109.22,-116.84,-90.0,top,J3,,"PhoenixContact_MCV_1,5_2-G-5.08_1x02_P5.08mm_Vertical",Screw_Terminal_01x02,tht,True
152.4,-50.8,-90.0,top,J4,,"TerminalBlock_Phoenix_MPT-0,5-12-2.54_1x12_P2.54mm_Horizontal",Screw_Terminal_01x12,tht,True
152.4,-83.82,-90.0,top,J5,,"TerminalBlock_Phoenix_MPT-0,5-12-2.54_1x12_P2.54mm_Horizontal",Screw_Terminal_01x12,tht,True
152.4,-116.84,-90.0,top,J6,,"TerminalBlock_Phoenix_MPT-0,5-4-2.54_1x04_P2.54mm_Horizontal",Screw_Terminal_01x04,tht,True
139.7,-134.62,0.0,top,J7,,TerminalBlock_Phoenix_MKDS-3-2-5.08_1x02_P5.08mm_Horizontal,Screw_Terminal_01x02,tht,True
124.46,-134.62,0.0,top,J8,,TerminalBlock_Phoenix_MKDS-3-2-5.08_1x02_P5.08mm_Horizontal,Screw_Terminal_01x02,tht,True
