﻿designator,quantity,value,pack,mpn,mount_type
"D1, D10, D11, D12, D13, D14, D15, D16, D17, D18, D19, D2, D20, D21, D22, D23, D24, D25, D26, D27, D28, D3, D4, D5, D6, D7, D8, D9",28,1N4007,D_DO-41_SOD81_P10.16mm_Horizontal,,tht
H1,1,MountingHole,MountingHole_3.2mm_M3_ISO7380,,tht
"H2, H3, H4",3,MountingHole,MountingHole_3.2mm_M3_ISO14580,,tht
"J1, J2",2,Screw_Terminal_01x06,"PhoenixContact_MCV_1,5_6-G-5.08_1x06_P5.08mm_Vertical",,tht
J3,1,Screw_Terminal_01x02,"PhoenixContact_MCV_1,5_2-G-5.08_1x02_P5.08mm_Vertical",,tht
"J4, J5",2,Screw_Terminal_01x12,"TerminalBlock_Phoenix_MPT-0,5-12-2.54_1x12_P2.54mm_Horizontal",,tht
J6,1,Screw_Terminal_01x04,"TerminalBlock_Phoenix_MPT-0,5-4-2.54_1x04_P2.54mm_Horizontal",,tht
"J7, J8",2,Screw_Terminal_01x02,TerminalBlock_Phoenix_MKDS-3-2-5.08_1x02_P5.08mm_Horizontal,,tht
